时间点,总请求数,卡顿率,⾸首帧加载时⻓长,错误率
2019-05-21T14:40,72,0.0,1394.5416,0.0
2019-05-21T14:45,552,0.036082473,1359.8914,0.0036231885
2019-05-21T14:50,1134,0.037087914,1395.4144,0.0
2019-05-21T14:55,2270,0.031528443,1349.2802,0.0026431717
2019-05-21T15:00,3802,0.042487953,1288.8843,0.003419253
2019-05-21T15:05,4698,0.044348508,1366.6016,0.0023414218
2019-05-21T15:10,5141,0.044935808,1309.9957,0.0033067497
2019-05-21T15:15,5575,0.055330634,1227.259,0.0041255606
2019-05-21T15:20,5715,0.04625347,1345.2062,0.005249344
2019-05-21T15:25,5660,0.046895213,1285.788,0.0026501766
2019-05-21T15:30,5836,0.063242376,1316.2585,0.0029129542
2019-05-21T15:35,5691,0.063402385,1281.1118,0.0052714814
2019-05-21T15:40,5763,0.06110422,1276.3988,0.0029498525
2019-05-21T15:45,5691,0.057371795,1274.0328,0.0050957655
2019-05-21T15:50,5666,0.053780966,1245.5194,0.0044122837
2019-05-21T15:55,5830,0.0621875,1282.1659,0.0051457975
2019-05-21T16:00,5900,0.055425905,1252.0348,0.0033898305
2019-05-21T16:05,5910,0.056609366,1293.5433,0.0042301184
2019-05-21T16:10,5910,0.056170214,1346.5864,0.003891709
2019-05-21T16:15,5688,0.056410257,1284.3463,0.0038677917
2019-05-21T16:20,5497,0.054399524,1289.2136,0.0050936877
2019-05-21T16:25,5721,0.06385579,1338.108,0.004195071
2019-05-21T16:30,5474,0.058517158,1332.5466,0.0040189987
2019-05-21T16:35,5484,0.06954059,1313.6984,0.0051057623
2019-05-21T16:40,5614,0.06280331,1388.1187,0.0058781616
2019-05-21T16:45,5692,0.06137952,1345.6632,0.003865074
2019-05-21T16:50,5639,0.06350131,1310.1465,0.003901401
2019-05-21T16:55,5546,0.055475295,1370.6619,0.0064911647
2019-05-21T17:00,5612,0.052242745,1364.022,0.004811119
2019-05-21T17:05,5631,0.06972362,1335.699,0.0033741787
2019-05-21T17:10,5751,0.06416772,1358.1864,0.003477656
2019-05-21T17:15,5725,0.05882353,1384.3372,0.00419214
2019-05-21T17:20,5682,0.057029925,1351.3721,0.0049278424
2019-05-21T17:25,5875,0.058364544,1341.5884,0.004255319
2019-05-21T17:30,6004,0.056041554,1342.513,0.0053297803
2019-05-21T17:35,5944,0.06611813,1391.774,0.0035329745
2019-05-21T17:40,6226,0.063570395,1402.4492,0.004176036
2019-05-21T17:45,6058,0.06820169,1423.156,0.005282271
2019-05-21T17:50,6110,0.06789044,1378.777,0.0047463174
2019-05-21T17:55,6275,0.06984315,1407.9264,0.004143426
2019-05-21T18:00,6364,0.06717227,1501.2151,0.0040854807
2019-05-21T18:05,5974,0.059645038,1438.4208,0.006528289
2019-05-21T18:10,6119,0.054511774,1446.9933,0.0039222096
2019-05-21T18:15,6350,0.06713287,1409.4111,0.0036220471
2019-05-21T18:20,6487,0.06948229,1500.3649,0.0058578695
2019-05-21T18:25,6419,0.06631097,1527.5966,0.0054525626
2019-05-21T18:30,6501,0.07417028,1378.4768,0.005076142
2019-05-21T18:35,6674,0.060984753,1374.3348,0.0052442313
2019-05-21T18:40,7116,0.061003163,1375.5824,0.00435638
2019-05-21T18:45,7314,0.0677212,1346.767,0.0027344818
2019-05-21T18:50,7073,0.06864878,1398.0511,0.0045242473
2019-05-21T18:55,7245,0.06712062,1447.743,0.0057971017
2019-05-21T19:00,7394,0.070866145,1489.7943,0.004463078
2019-05-21T19:05,7685,0.07424442,1519.1084,0.0045543266
2019-05-21T19:10,7644,0.06153846,1409.9447,0.005363684
2019-05-21T19:15,7712,0.063739695,1456.5312,0.00531639
2019-05-21T19:20,8023,0.063148595,1499.2777,0.0044870996
2019-05-21T19:25,8012,0.07356322,1433.8627,0.005741388
2019-05-21T19:30,8197,0.067768596,1539.8857,0.0047578383
2019-05-21T19:35,8565,0.062723674,1550.1234,0.0052539404
2019-05-21T19:40,8384,0.0680286,1498.9504,0.0046517174
2019-05-21T19:45,8995,0.0627373,1477.7504,0.0050027794
2019-05-21T19:50,9089,0.064201236,1546.9705,0.0037407856
2019-05-21T19:55,9443,0.07526882,1538.923,0.0052949274
2019-05-21T20:00,9686,0.067625664,1526.9198,0.005471815
2019-05-21T20:05,9929,0.07504138,1501.8148,0.0058414745
2019-05-21T20:10,10357,0.069322035,1533.7345,0.0044414406
2019-05-21T20:15,11042,0.07675289,1535.5309,0.0064299945
2019-05-21T20:20,10870,0.08110831,1572.3303,0.007451702
2019-05-21T20:25,11663,0.07602339,1536.6643,0.006602075
2019-05-21T20:30,12023,0.0752226,1518.3225,0.005739
2019-05-21T20:35,12017,0.07392473,1489.2219,0.0056586503
2019-05-21T20:40,11229,0.08309085,1530.5504,0.0061448035
2019-05-21T20:45,11502,0.07258577,1571.084,0.0060858983
2019-05-21T20:50,11551,0.072670534,1519.6279,0.004415202
2019-05-21T20:55,11997,0.06964286,1511.4247,0.0038342918
2019-05-21T21:00,12104,0.07522698,1539.0958,0.004378718
2019-05-21T21:05,12477,0.0630452,1536.0051,0.005450028
2019-05-21T21:10,12406,0.06383533,1480.295,0.004110914
2019-05-21T21:15,12645,0.06702853,1471.052,0.0049031237
2019-05-21T21:20,12512,0.06802548,1502.873,0.0062340153
2019-05-21T21:25,13331,0.06428746,1494.6647,0.005175906
2019-05-21T21:30,13321,0.06444526,1440.5817,0.0060806246
2019-05-21T21:35,13564,0.06648065,1419.985,0.0038336774
2019-05-21T21:40,13194,0.05734903,1415.9269,0.004092769
2019-05-21T21:45,12923,0.067896284,1427.273,0.0054940805
2019-05-21T21:50,13054,0.060606062,1423.636,0.0049027116
2019-05-21T21:55,13239,0.066534914,1416.4937,0.0046075988
2019-05-21T22:00,13142,0.063533835,1472.0363,0.003804596
2019-05-21T22:05,12987,0.07441792,1431.0382,0.0046200044
2019-05-21T22:10,12410,0.07254034,1429.4569,0.0041901693
2019-05-21T22:15,12525,0.073839985,1416.4559,0.0043912176
2019-05-21T22:20,12140,0.072092324,1437.9331,0.005107084
2019-05-21T22:25,11814,0.06896552,1358.0165,0.0050787204
2019-05-21T22:30,11905,0.0753221,1399.7201,0.0028559428
2019-05-21T22:35,11583,0.07323944,1386.7726,0.0057843393
2019-05-21T22:40,11028,0.06748366,1400.7374,0.0035364528
2019-05-21T22:45,10882,0.06145727,1353.2823,0.004227164
2019-05-21T22:50,10511,0.06926864,1374.3059,0.0032347066
2019-05-21T22:55,10290,0.070005484,1342.0978,0.0034013605
2019-05-21T23:00,10115,0.07069929,1334.7672,0.002471577
2019-05-21T23:05,9724,0.068369195,1332.1423,0.0033936652
2019-05-21T23:10,9220,0.061687034,1384.0573,0.004121475
2019-05-21T23:15,8711,0.067360684,1414.8495,0.003903111
2019-05-21T23:20,8495,0.07368666,1354.3297,0.0043555032
2019-05-21T23:25,7952,0.06618335,1329.6986,0.0038983903
2019-05-21T23:30,7668,0.069931835,1290.4867,0.0032603026
2019-05-21T23:35,7389,0.065847926,1269.2212,0.0028420626
2019-05-21T23:40,7475,0.06282853,1330.6449,0.0037458194
2019-05-21T23:45,7396,0.06987129,1317.8854,0.0025689562
2019-05-21T23:50,7099,0.061154857,1279.4526,0.003239893
2019-05-21T23:55,6828,0.067983076,1282.6116,0.0033684827
2019-05-22T00:00,6347,0.063963965,1275.6227,0.0023633211
2019-05-22T00:05,6514,0.062099695,1270.6656,0.0044519496
2019-05-22T00:10,5995,0.062282644,1293.2592,0.0036697248
2019-05-22T00:15,5640,0.07447155,1301.1606,0.005141844
2019-05-22T00:20,5297,0.063486494,1324.8756,0.0028317915
2019-05-22T00:25,5419,0.07157534,1196.787,0.0029525743
2019-05-22T00:30,5274,0.07245283,1307.2485,0.002844141
2019-05-22T00:35,4944,0.060971156,1286.5576,0.0030339805
2019-05-22T00:40,4792,0.06221374,1330.8212,0.0050083473
2019-05-22T00:45,4688,0.06611258,1225.1501,0.004052901
2019-05-22T00:50,4513,0.069622874,1195.5256,0.002437403
2019-05-22T00:55,4358,0.052293185,1215.1721,0.0025240937
2019-05-22T01:00,3993,0.06663782,1362.463,0.006511395
2019-05-22T01:05,4050,0.06556581,1171.9205,0.0022222223
2019-05-22T01:10,3855,0.061340943,1339.1754,0.0036316472
2019-05-22T01:15,3618,0.056678165,1390.0746,0.0044223326
2019-05-22T01:20,3490,0.052766394,1306.1346,0.0031518624
2019-05-22T01:25,3268,0.048648648,1218.0847,0.0036719707
2019-05-22T01:30,3263,0.052884616,1267.803,0.003371131
2019-05-22T01:35,3053,0.054084506,1240.2335,0.00294792
2019-05-22T01:40,3060,0.053107344,1197.18,0.0029411765
2019-05-22T01:45,2845,0.05638872,1216.8738,0.0031634446
2019-05-22T01:50,2769,0.04542505,1287.29,0.0061394004
2019-05-22T01:55,2650,0.045733787,1157.4388,0.003018868
2019-05-22T02:00,2483,0.04905914,1247.5026,0.0012082158
2019-05-22T02:05,2743,0.049056605,1291.5027,3.6456436E-4
2019-05-22T02:10,2950,0.04868914,1142.5925,0.0040677967
2019-05-22T02:15,3147,0.04785581,1108.4652,0.0022243406
2019-05-22T02:20,3143,0.041509435,981.7741,0.0012726694
2019-05-22T02:25,3012,0.039498433,1078.835,0.004316069
2019-05-22T02:30,2945,0.046290424,1039.4893,0.0020373515
2019-05-22T02:35,3076,0.054205608,1114.55,0.0026007802
2019-05-22T02:40,3466,0.041301627,1071.88,0.0031736873
2019-05-22T02:45,3599,0.04489796,1064.4984,0.0025006947
2019-05-22T02:50,3449,0.034289278,932.1928,0.002319513
2019-05-22T02:55,3403,0.032919254,1010.6077,0.0035263004
2019-05-22T03:00,3371,0.03260188,880.1056,0.0014832393
2019-05-22T03:05,3138,0.04144385,951.52454,0.0015933716
2019-05-22T03:10,3255,0.038367845,1068.9994,0.0015360983
2019-05-22T03:15,3244,0.034759358,1059.0271,0.0033908754
2019-05-22T03:20,3229,0.034813926,990.9594,3.096934E-4
2019-05-22T03:25,3322,0.046558704,947.7649,0.0027092113
2019-05-22T03:30,3320,0.038610037,958.1946,0.0072289156
2019-05-22T03:35,3266,0.04534005,1128.0873,0.0027556645
2019-05-22T03:40,3305,0.033577535,955.859,0.0033282905
2019-05-22T03:45,3323,0.027617212,904.8279,0.0015046644
2019-05-22T03:50,3349,0.036262203,1007.57184,0.0038817558
2019-05-22T03:55,3241,0.036848795,970.60754,0.0030854675
2019-05-22T04:00,3427,0.037926674,1001.26,0.0032098044
2019-05-22T04:05,3618,0.042986427,1036.6086,0.0024875621
2019-05-22T04:10,3637,0.036858007,961.24414,0.0035743746
2019-05-22T04:15,3754,0.0405562,948.27997,0.0015982952
2019-05-22T04:20,3693,0.034777652,966.67395,0.0027078255
2019-05-22T04:25,3743,0.032619774,969.2332,0.0045418115
2019-05-22T04:30,3992,0.033766232,1032.3993,0.0022545091
2019-05-22T04:35,4213,0.03270565,978.33655,0.003085687
2019-05-22T04:40,4463,0.034272302,1035.8911,0.0044812905
2019-05-22T04:45,4611,0.03929727,1094.3544,0.0030362178
2019-05-22T04:50,4896,0.03670121,996.9026,0.0051062093
2019-05-22T04:55,4925,0.03591519,981.4004,0.004467005
2019-05-22T05:00,5151,0.030290456,899.0503,0.0038827413
2019-05-22T05:05,5514,0.03970528,1022.18536,0.0070729055
2019-05-22T05:10,6054,0.03983308,984.2364,0.0031384209
2019-05-22T05:15,6059,0.043118935,952.0649,0.004291137
2019-05-22T05:20,6443,0.03638814,878.24243,0.003724973
2019-05-22T05:25,7024,0.034749035,925.91644,0.006548975
2019-05-22T05:30,7136,0.034471437,878.01794,0.0036434978
2019-05-22T05:35,7160,0.04054917,969.5478,0.0043296088
2019-05-22T05:40,7472,0.043062203,892.69434,0.0030781585
2019-05-22T05:45,8050,0.035236273,906.20984,0.0039751553
2019-05-22T05:50,8258,0.03878822,857.2886,0.0037539357
2019-05-22T05:55,8179,0.043226145,914.9321,0.004034723
2019-05-22T06:00,8535,0.04876161,928.97034,0.0046865847
2019-05-22T06:05,8578,0.03723798,956.60175,0.0041967826
2019-05-22T06:10,8705,0.041167274,932.3287,0.004020678
2019-05-22T06:15,8871,0.04266931,923.3288,0.0041708937
2019-05-22T06:20,9060,0.047688212,961.2934,0.0036423842
2019-05-22T06:25,9067,0.036227223,974.36206,0.004742473
2019-05-22T06:30,8943,0.039556563,914.3978,0.004137314
2019-05-22T06:35,9095,0.04188862,1002.58936,0.004398021
2019-05-22T06:40,9098,0.04313253,965.9758,0.0034073424
2019-05-22T06:45,9248,0.0441247,935.57733,0.0041089966
2019-05-22T06:50,9280,0.03785338,944.02716,0.0035560345
2019-05-22T06:55,9219,0.04576551,960.1651,0.0036880355
2019-05-22T07:00,9451,0.036764707,936.8497,0.003491694
2019-05-22T08:00,10,0.0,1368.3,0.0
2019-05-22T08:05,7468,0.045506913,1024.7731,0.0037493305
2019-05-22T08:10,7370,0.040947646,949.3601,0.0024423338
2019-05-22T08:15,7408,0.045821324,1023.33246,0.0048596114
2019-05-22T08:20,7195,0.044250544,1116.3795,0.0025017373
2019-05-22T08:25,7098,0.04836722,1054.0082,0.0030994646
2019-05-22T08:30,7337,0.046875,1052.2013,0.002180728
2019-05-22T08:35,7446,0.04839169,1129.3431,0.0030889069
2019-05-22T08:40,7444,0.045904342,1041.38,0.0025523913
2019-05-22T08:45,7681,0.045095827,1028.141,0.005077464
2019-05-22T08:50,7544,0.043659043,937.02014,0.0026511136
2019-05-22T08:55,7391,0.048773363,1004.4619,0.0024353943
2019-05-22T09:00,7487,0.052088987,1044.6256,0.0038733806
2019-05-22T09:05,7591,0.043793585,1020.7471,0.0031616387
2019-05-22T09:10,7461,0.05005787,1055.5896,0.002278515
2019-05-22T09:15,7775,0.049262457,1069.8048,0.0029581992
2019-05-22T09:20,7724,0.041429732,1043.7222,0.0023303987
2019-05-22T09:25,7729,0.050716333,1066.5542,0.0037521024
2019-05-22T09:30,7757,0.04783217,1110.2827,0.0025783163
2019-05-22T09:35,7881,0.04686618,1047.2062,0.0024108617
2019-05-22T09:40,7553,0.046427578,1040.4441,0.0022507613
2019-05-22T09:45,7707,0.047398843,1050.1633,0.003762813
2019-05-22T09:50,8188,0.051457975,1032.2902,0.0030532486
2019-05-22T09:55,8025,0.042971782,1079.6342,0.0022429908
2019-05-22T10:00,7857,0.048945148,1066.535,0.0034364262
2019-05-22T10:05,7912,0.047733977,1026.0358,0.0035389282
2019-05-22T10:10,7865,0.047592696,1099.4946,0.002415766
2019-05-22T10:15,8031,0.050881613,1047.1917,0.00298842
2019-05-22T10:20,8245,0.05191257,1056.9851,0.004002426
2019-05-22T10:25,8307,0.0422275,1001.88275,0.0019260864
2019-05-22T10:30,8769,0.05057415,1025.9854,0.0041053714
2019-05-22T10:35,8627,0.050494798,1016.6897,0.0025501333
2019-05-22T10:40,9038,0.052096255,1027.3418,0.0032086745
2019-05-22T10:45,9010,0.049694,1046.0231,0.002552719
2019-05-22T10:50,8655,0.050103307,1034.351,0.0027729636
2019-05-22T10:55,8587,0.042537127,1050.5747,0.0030278328
2019-05-22T11:00,9065,0.04399407,1010.43915,0.0025372312
2019-05-22T11:05,8915,0.044137932,1077.5114,0.0028042626
2019-05-22T11:10,9281,0.051101733,1044.8751,0.0035556513
2019-05-22T11:15,9927,0.044976506,1033.2861,0.0026191196
2019-05-22T11:20,10231,0.03924915,1055.8187,0.001857101
2019-05-22T11:25,10175,0.044303797,1061.0093,0.002948403
2019-05-22T11:30,9830,0.049039546,1098.2548,0.0032553407
2019-05-22T11:35,9713,0.04225674,1044.3527,0.0028827344
2019-05-22T11:40,10324,0.039612304,1090.4904,0.002421542
2019-05-22T11:45,10596,0.047669493,1097.6964,0.002453756
2019-05-22T11:50,10960,0.046235923,1083.3517,0.0026459855
2019-05-22T11:55,11254,0.047255814,1180.963,0.00328772
2019-05-22T12:00,11566,0.047997046,1117.2574,0.0037177936
2019-05-22T12:05,11859,0.05196523,1128.5133,0.0027826966
2019-05-22T12:10,12109,0.042752292,1073.83,0.0028078288
2019-05-22T12:15,12283,0.04517965,1147.801,0.0028494666
2019-05-22T12:20,13257,0.047788758,1131.4865,0.002941842
2019-05-22T12:25,13108,0.049413003,1118.719,0.0028227037
2019-05-22T12:30,13434,0.043629467,1100.7446,0.0025308917
2019-05-22T12:35,14329,0.0465625,1131.6089,0.001674925
2019-05-22T12:40,13984,0.04475096,1111.5323,0.00243135
2019-05-22T12:45,14296,0.050162867,1086.6492,0.0021684386
2019-05-22T12:50,14035,0.045728803,1026.4205,0.001923762
2019-05-22T12:55,14528,0.04236078,1001.692,0.0031662995
2019-05-22T13:00,14448,0.04781124,994.389,0.0019379845
2019-05-22T13:05,14000,0.047251847,1076.9917,0.0022142858
2019-05-22T13:10,13436,0.0477182,1036.1101,0.001711819
2019-05-22T13:15,13129,0.05344585,1040.8812,0.0015995125
2019-05-22T13:20,13246,0.047121346,1044.5665,0.0017363733
2019-05-22T13:25,13361,0.04638638,1049.3293,0.0026195643
2019-05-22T13:30,12850,0.044208664,1050.3275,0.0028015564
2019-05-22T13:35,12847,0.0479798,1033.6029,0.0036584416
2019-05-22T13:40,12734,0.04312419,1001.35645,0.0021203079
2019-05-22T13:45,12195,0.048434157,1034.3042,0.0017220172
2019-05-22T13:50,11742,0.047949277,1034.9996,0.002299438
2019-05-22T13:55,10471,0.04160569,1071.9081,0.002769554
2019-05-22T14:00,10175,0.044005103,1035.7865,0.0022604424
2019-05-22T14:05,9870,0.04808529,1081.8931,0.0028368793
2019-05-22T14:10,9362,0.051135007,1114.3054,0.0025635548
2019-05-22T14:15,9426,0.047528517,1096.0162,0.0021217908
2019-05-22T14:20,8886,0.04931507,1122.2323,0.0027008778
2019-05-22T14:25,8984,0.043652665,1021.74164,0.0027827248
2019-05-22T14:30,8771,0.04753861,1075.3882,0.00273629
2019-05-22T14:35,9052,0.043468047,1069.305,0.0015466196
2019-05-22T14:40,9509,0.052493438,1024.1985,0.0034703964
2019-05-22T14:45,9577,0.051088203,1028.882,0.0021927534
2019-05-22T14:50,9947,0.043507364,1064.655,0.0016085252
2019-05-22T14:55,10141,0.049010366,1065.9413,0.0024652402
2019-05-22T15:00,10014,0.037553407,975.59784,0.0011983224
2019-05-22T15:05,10469,0.050091073,1034.8926,0.0019104021
2019-05-22T15:10,10571,0.049881745,1015.123,0.0029325513
2019-05-22T15:15,10197,0.043488372,1025.475,0.0020594292
2019-05-22T15:20,10188,0.044266056,1029.491,0.0024538673
2019-05-22T15:25,9993,0.04620541,976.50604,0.0017011908
2019-05-22T15:30,10212,0.046298366,1035.4359,0.0024481004
2019-05-22T15:35,10149,0.041536402,1024.8107,0.0016750419
2019-05-22T15:40,9970,0.039391227,995.23,0.0017051153
2019-05-22T15:45,10121,0.04567846,1070.7905,0.0021736983
2019-05-22T15:50,9631,0.039102267,1030.8422,0.001661302
2019-05-22T15:55,9770,0.043172006,998.30237,0.00296827
2019-05-22T16:00,9916,0.04500331,1006.9946,0.0027228722
2019-05-22T16:05,10012,0.045815803,1046.6451,0.0025968838
2019-05-22T16:10,9602,0.047911257,1047.1344,0.0019787545
2019-05-22T16:15,9554,0.044979334,1060.9862,0.0027213732
2019-05-22T16:20,9420,0.045730285,1077.527,0.0031847134
2019-05-22T16:25,9789,0.05263158,1044.675,0.0034732863
2019-05-22T16:30,9113,0.048972342,1003.6779,0.0036212006
2019-05-22T16:35,9497,0.04274134,1025.6761,0.001790039
2019-05-22T16:40,8668,0.04990709,1109.1853,0.002538071
2019-05-22T16:45,7363,0.044399884,1093.2817,0.0017655847
2019-05-22T16:50,6402,0.055520102,1265.607,0.0045298343
2019-05-22T16:55,6082,0.050446015,1225.0508,0.004932588
2019-05-22T17:00,5758,0.05008839,1333.8538,0.0043417853
2019-05-22T17:05,5830,0.05800679,1317.0563,0.0039451113
2019-05-22T17:10,5941,0.056900345,1311.9291,0.0037030804
2019-05-22T17:15,5802,0.052677788,1260.0883,0.0055153393
2019-05-22T17:20,6026,0.057151232,1322.4857,0.005642217
2019-05-22T17:25,5848,0.05638525,1251.6353,0.00376197
2019-05-22T17:30,5754,0.054561716,1235.9467,0.0046923878
2019-05-22T17:35,5926,0.047219895,1297.5734,0.0025312183
2019-05-22T17:40,6109,0.056824513,1377.7545,0.0027827795
2019-05-22T17:45,6450,0.06014823,1393.7496,0.0035658914
2019-05-22T17:50,6325,0.056977704,1379.6776,0.0052173915
2019-05-22T17:55,6335,0.068443194,1315.1276,0.0044198893
2019-05-22T18:00,6547,0.05688546,1348.9788,0.0035130593
2019-05-22T18:05,6403,0.055226292,1273.7261,0.0040605967
2019-05-22T18:10,6501,0.056179777,1379.7217,0.0058452548
2019-05-22T18:15,6475,0.050771527,1303.7141,0.0052509652
2019-05-22T18:20,6736,0.062111802,1394.3997,0.005344418
2019-05-22T18:25,6772,0.06348387,1345.092,0.0045776726
2019-05-22T18:30,6627,0.06189451,1345.7477,0.00558322
2019-05-22T18:35,6783,0.066189624,1441.1216,0.004865104
2019-05-22T18:40,7306,0.060451567,1419.5049,0.004243088
2019-05-22T18:45,7361,0.06254528,1377.6234,0.00366798
2019-05-22T18:50,7317,0.06660208,1344.6353,0.005740057
2019-05-22T18:55,7510,0.06499051,1464.5184,0.0046604527
2019-05-22T19:00,7528,0.06936697,1429.5769,0.0045164716
2019-05-22T19:05,7590,0.0656542,1443.1418,0.0036890646
2019-05-22T19:10,7902,0.06147913,1458.5715,0.0051885596
2019-05-22T19:15,7960,0.06081548,1482.4827,0.0033919597
2019-05-22T19:20,8128,0.060461957,1519.4778,0.004675197
2019-05-22T19:25,8505,0.06589645,1496.7993,0.0047031157
2019-05-22T19:30,8628,0.067760944,1447.1709,0.0041724616
2019-05-22T19:35,8701,0.06292552,1431.2599,0.004482243
2019-05-22T19:40,8999,0.06067281,1504.6107,0.0046671852
2019-05-22T19:45,8932,0.06822853,1501.0818,0.0052619795
2019-05-22T19:50,9446,0.06966967,1510.4166,0.004022867
2019-05-22T19:55,9486,0.068887204,1532.7814,0.006008855
2019-05-22T20:00,10065,0.06340418,1529.6683,0.005067064
2019-05-22T20:05,10245,0.06529752,1562.1876,0.0050756466
2019-05-22T20:10,10579,0.06471854,1433.1472,0.0055770865
2019-05-22T20:15,10934,0.068087235,1397.6118,0.005396012
2019-05-22T20:20,11626,0.07223891,1382.7394,0.004644762
2019-05-22T20:25,11867,0.06931964,1391.2175,0.0028650882
2019-05-22T20:30,12187,0.067242734,1438.2151,0.004677115
2019-05-22T20:35,12327,0.06510107,1448.663,0.004461751
2019-05-22T20:40,12139,0.06588019,1428.0037,0.004695609
2019-05-22T20:45,12142,0.065064915,1452.6011,0.0041179378
2019-05-22T20:50,12489,0.06579335,1454.1926,0.00512451
2019-05-22T20:55,12658,0.07143936,1513.9747,0.0041870754
2019-05-22T21:00,12790,0.07924637,1474.492,0.0045347926
2019-05-22T21:05,12992,0.076719575,1475.4504,0.0053109606
2019-05-22T21:10,12956,0.07101365,1429.5029,0.0052485336
2019-05-22T21:15,13310,0.07162181,1496.2368,0.0051089404
2019-05-22T21:20,13545,0.062951356,1436.7014,0.004355851
2019-05-22T21:25,14023,0.07081366,1426.6967,0.004492619
2019-05-22T21:30,14060,0.070659675,1494.1217,0.0039829304
2019-05-22T21:35,14202,0.070316695,1384.4337,0.00457682
2019-05-22T21:40,14261,0.07101702,1423.0414,0.0041371575
2019-05-22T21:45,14128,0.07139001,1394.9556,0.0051670442
2019-05-22T21:50,14217,0.057881918,1407.9633,0.005205036
2019-05-22T21:55,14184,0.06591618,1429.1562,0.0037366047
2019-05-22T22:00,14094,0.06818182,1428.8304,0.0033347523
2019-05-22T22:05,14049,0.063566096,1439.1094,0.0054096375
2019-05-22T22:10,13709,0.06380084,1407.6469,0.0051790792
2019-05-22T22:15,13594,0.065618694,1411.4238,0.00434015
2019-05-22T22:20,13390,0.06597273,1417.5231,0.005601195
2019-05-22T22:25,13243,0.062937066,1359.0208,0.0054368344
2019-05-22T22:30,13038,0.068870924,1355.9891,0.0047553307
2019-05-22T22:35,12631,0.06113229,1315.5032,0.0041960254
2019-05-22T22:40,12119,0.07511342,1356.9086,0.0036306626
2019-05-22T22:45,11933,0.05898039,1316.8911,0.003687254
2019-05-22T22:50,11395,0.059980173,1241.435,0.0051777097
2019-05-22T22:55,11028,0.06110359,1320.2971,0.0034457743
2019-05-22T23:00,10891,0.06787164,1306.1201,0.0034891195
2019-05-22T23:05,10271,0.06988321,1314.586,0.004089183
2019-05-22T23:10,10006,0.06026828,1320.2534,0.0036977814
2019-05-22T23:15,9270,0.05828855,1284.1547,0.0029126212
2019-05-22T23:20,9097,0.061667692,1247.2867,0.004397054
2019-05-22T23:25,8753,0.059811123,1217.7081,0.0035416428
2019-05-22T23:30,8458,0.068348624,1275.5581,0.0037834004
2019-05-22T23:35,8381,0.06666667,1232.9104,0.0023863502
2019-05-22T23:40,8164,0.05659923,1170.8759,0.0036746692
2019-05-22T23:45,8327,0.05726557,1176.488,0.0049237423
2019-05-22T23:50,7765,0.06017792,1194.3723,0.0025756601
2019-05-22T23:55,7635,0.062937066,1257.021,0.0031434186
2019-05-23T00:00,7335,0.05981972,1194.4874,0.0034083163
2019-05-23T00:05,6871,0.053637944,1233.4822,0.003929559
2019-05-23T00:10,6527,0.06334149,1234.8527,0.0032174047
2019-05-23T00:15,6283,0.07051482,1252.4658,0.003501512
2019-05-23T00:20,5824,0.065784894,1184.0139,0.003434066
2019-05-23T00:25,5730,0.056597456,1144.3159,0.002443281
2019-05-23T00:30,5525,0.0639881,1098.9808,0.0043438915
2019-05-23T00:35,5347,0.057726152,1092.0417,0.0026182907
2019-05-23T00:40,5231,0.058082577,1145.1152,0.0019116803
2019-05-23T00:45,4772,0.062088817,1170.6649,0.0027242247
2019-05-23T00:50,4847,0.05682715,1180.5436,0.0024757583
2019-05-23T00:55,4637,0.05624201,1157.1898,0.0043131337
2019-05-23T01:00,4407,0.05740988,1118.8087,0.0036305876
2019-05-23T01:05,4126,0.048525214,1041.015,0.0041202134
2019-05-23T01:10,4026,0.042633824,1093.0665,0.002483855
2019-05-23T01:15,4020,0.05443845,1097.6995,0.0027363184
2019-05-23T01:20,3631,0.056955647,1185.9948,0.0044064997
2019-05-23T01:25,3633,0.0510038,1152.0823,0.0022020368
2019-05-23T01:30,3438,0.05678885,1207.9142,0.0029086678
2019-05-23T01:35,3303,0.053254437,1148.5876,0.0030275506
2019-05-23T01:40,3248,0.04359383,1207.4741,0.00523399
2019-05-23T01:45,3146,0.058103975,1316.5146,0.004132231
2019-05-23T01:50,3037,0.045507584,1209.9127,0.0013170892
2019-05-23T01:55,3056,0.04339964,1166.572,0.004581152
2019-05-23T02:00,2712,0.055706523,1178.5664,0.0047935103
2019-05-23T02:05,2683,0.057704918,1187.4093,0.0040998883
2019-05-23T02:10,2770,0.0505689,1254.0072,0.00433213
2019-05-23T02:15,2637,0.04667124,1106.6045,0.0030337505
2019-05-23T02:20,2573,0.05,1134.04,0.0027205597
2019-05-23T02:25,2512,0.06264324,1160.5275,0.0031847134
2019-05-23T02:30,2462,0.04644809,1096.2859,0.0040617385
2019-05-23T02:35,2416,0.053333335,1293.1892,0.0024834438
2019-05-23T02:40,2342,0.049228508,1271.9629,0.0034158838
2019-05-23T02:45,2412,0.046376813,1228.0083,0.0049751243
2019-05-23T02:50,2211,0.049354594,1208.1053,0.0063319765
2019-05-23T02:55,2352,0.04407295,1210.6849,0.0046768705
2019-05-23T03:00,2234,0.056956876,1310.2153,0.0022381379
2019-05-23T03:05,2257,0.04621212,1263.9978,0.005316792
2019-05-23T03:10,2196,0.03828484,1187.3387,0.005919854
2019-05-23T03:15,2106,0.0453125,1086.4806,0.004748338
2019-05-23T03:20,2082,0.032207385,965.48846,0.0028818443
2019-05-23T03:25,2091,0.04493392,1108.593,0.0033476804
2019-05-23T03:30,2244,0.040977146,1149.2932,0.0013368984
2019-05-23T03:35,2247,0.043035995,1033.3085,0.0017801513
2019-05-23T03:40,2209,0.03623747,1160.7334,0.0049796286
2019-05-23T03:45,2235,0.051846035,1138.6985,0.0040268456
2019-05-23T03:50,2251,0.04730229,1164.3523,0.005330964
2019-05-23T03:55,2356,0.047286823,1131.3934,0.004244482
2019-05-23T04:00,2376,0.041124057,1246.6296,0.005892256
2019-05-23T04:05,2460,0.04494382,1113.9138,0.0044715446
2019-05-23T04:10,2313,0.04761905,1078.3048,0.0030263728
2019-05-23T04:15,2441,0.040361866,1198.6239,0.0036870134
2019-05-23T04:20,2620,0.047936086,1119.9442,0.004961832
2019-05-23T04:25,2615,0.039384615,1101.0222,0.004206501
2019-05-23T04:30,2767,0.043941412,1081.1984,0.00650524
2019-05-23T04:35,2830,0.044162128,1074.5721,0.006360424
2019-05-23T04:40,3007,0.039089847,1051.9229,0.004323246
2019-05-23T04:45,3198,0.037301153,1021.6573,0.0040650405
2019-05-23T04:50,3346,0.03972088,1052.1731,0.0050806934
2019-05-23T04:55,3455,0.0429727,1135.9633,0.0054992763
2019-05-23T05:00,3440,0.038423646,1073.4462,0.008430232
2019-05-23T05:05,3553,0.039883267,1074.7715,0.0075992118
2019-05-23T05:10,3865,0.0339213,1109.9661,0.0075032343
2019-05-23T05:15,3882,0.04352227,1147.194,0.0072127767
2019-05-23T05:20,3915,0.045513652,1196.7505,0.0056194123
2019-05-23T05:25,4204,0.04280822,1096.3977,0.0057088486
2019-05-23T05:30,4431,0.04796905,1052.6351,0.008124577
2019-05-23T05:35,4296,0.05682782,1181.703,0.009776536
2019-05-23T05:40,4624,0.047841307,1106.2472,0.008434256
2019-05-23T05:45,4883,0.04967834,1258.6649,0.0069629326
2019-05-23T05:50,5092,0.053448897,1222.8365,0.0058915946
2019-05-23T05:55,5285,0.042732168,1202.5529,0.0073793754
2019-05-23T06:00,5400,0.051413007,1123.5569,0.009444444
2019-05-23T06:05,5445,0.048622917,1196.6351,0.0058769514
2019-05-23T06:10,5480,0.041680127,1158.622,0.0049270075
2019-05-23T06:15,5440,0.04697352,1118.0299,0.0071691177
2019-05-23T06:20,5666,0.043763675,1196.6908,0.00653018
2019-05-23T06:25,5455,0.04494382,1115.0636,0.0053162235
2019-05-23T06:30,5472,0.04449353,1052.724,0.0069444445
2019-05-23T06:35,5478,0.046767104,1176.647,0.006024096
2019-05-23T06:40,5550,0.056395717,1159.5417,0.008468469
2019-05-23T06:45,5517,0.046915166,1138.0343,0.005075222
2019-05-23T06:50,5462,0.05346216,1140.2078,0.0058586597
2019-05-23T06:55,5591,0.05365698,1159.4747,0.0082275085
2019-05-23T07:00,5405,0.046849225,1095.4884,0.0053654024
2019-05-23T07:05,5565,0.049127907,1211.9202,0.004851752
2019-05-23T07:10,5408,0.048580628,1210.1606,0.00591716
2019-05-23T07:15,5360,0.046181172,1268.5848,0.0052238805
2019-05-23T07:20,5360,0.045952525,1305.5931,0.0054104477
2019-05-23T07:25,5166,0.057116393,1323.9498,0.007936508
2019-05-23T07:30,4944,0.052368246,1243.246,0.00829288
2019-05-23T07:35,4912,0.055466495,1368.4777,0.005903909
2019-05-23T07:40,4714,0.047733415,1301.4327,0.006151888
2019-05-23T07:45,4720,0.049152542,1234.901,0.004237288
2019-05-23T07:50,4421,0.05083541,1270.3961,0.0045238636
2019-05-23T07:55,4667,0.04087737,1264.3958,0.0044996785
2019-05-23T08:00,4603,0.0531316,1291.2822,0.008689985
2019-05-23T08:05,4649,0.06217424,1326.3151,0.0060228007
2019-05-23T08:10,4460,0.055813953,1336.8877,0.0049327356
2019-05-23T08:15,4382,0.057684552,1216.9368,0.0050205383
2019-05-23T08:20,4489,0.055093143,1280.4745,0.0077968366
2019-05-23T08:25,4536,0.058753,1281.046,0.0066137565
2019-05-23T08:30,4553,0.04956268,1385.57,0.0057105203
2019-05-23T08:35,4694,0.057510406,1320.5363,0.00511291
2019-05-23T08:40,4664,0.053432137,1364.4589,0.0062178387
2019-05-23T08:45,4749,0.05420153,1282.4565,0.004632554
2019-05-23T08:50,4659,0.06516588,1340.5884,0.0060098735
2019-05-23T08:55,4891,0.06885379,1365.2666,0.0055203433
2019-05-23T09:00,4836,0.060337894,1349.409,0.005376344
2019-05-23T09:05,4904,0.056879323,1277.5791,0.0040783035
2019-05-23T09:10,4872,0.056561086,1219.2935,0.0047208536
2019-05-23T09:15,4922,0.06004448,1218.1444,0.004063389
2019-05-23T09:20,5241,0.05988244,1214.1888,0.0036252623
2019-05-23T09:25,5026,0.05281567,1237.6852,0.0039793076
2019-05-23T09:30,4929,0.055772647,1298.3871,0.005072023
2019-05-23T09:35,4976,0.054778997,1257.4982,0.003818328
2019-05-23T09:40,5258,0.056031406,1240.4479,0.0030429822
2019-05-23T09:45,5093,0.0666162,1309.6592,0.006086786
2019-05-23T09:50,5282,0.053127103,1254.8105,0.0041650888
2019-05-23T09:55,5354,0.052060045,1272.8949,0.0050429585
2019-05-23T10:00,5441,0.058097314,1228.1869,0.0053299027
2019-05-23T10:05,5460,0.056959894,1302.3433,0.0018315018
2019-05-23T10:10,5362,0.05001667,1225.6699,0.0041029467
2019-05-23T10:15,5554,0.058531746,1321.8048,0.005581563
2019-05-23T10:20,5403,0.063432835,1270.6498,0.0051823063
2019-05-23T10:25,5666,0.06419589,1272.6818,0.005118249
2019-05-23T10:30,5350,0.058404073,1312.3068,0.0044859815
2019-05-23T10:35,5697,0.06011961,1318.6779,0.0036861505
2019-05-23T10:40,5938,0.056662515,1294.7501,0.0035365443
2019-05-23T10:45,5872,0.0645582,1290.0779,0.0039168936
2019-05-23T10:50,5835,0.055309735,1211.7144,0.0027420737
2019-05-23T10:55,6043,0.05790441,1258.1763,0.0052953833
2019-05-23T11:00,6087,0.053142857,1209.734,0.003285691
2019-05-23T11:05,6080,0.05515449,1232.5969,0.003618421
2019-05-23T11:10,5993,0.063432835,1281.2819,0.004338395
2019-05-23T11:15,6238,0.0553811,1261.1628,0.0036870793
2019-05-23T11:20,6106,0.061397985,1279.7792,0.0022928268
2019-05-23T11:25,6306,0.061567165,1327.8514,0.004440216
2019-05-23T11:30,6295,0.06198229,1271.7125,0.0038125496
2019-05-23T11:35,6183,0.062371287,1336.092,0.005175481
2019-05-23T11:40,6452,0.0634965,1333.0587,0.004649721
2019-05-23T11:45,6483,0.062002275,1277.3323,0.004627487
2019-05-23T11:50,6393,0.06096882,1388.4087,0.005631159
2019-05-23T11:55,6555,0.058871627,1376.664,0.0050343247
2019-05-23T12:00,6881,0.06382408,1317.7417,0.0036331927
2019-05-23T12:05,6915,0.06747178,1399.1726,0.0065075923
2019-05-23T12:10,7305,0.05456853,1363.4381,0.0046543465
2019-05-23T12:15,7364,0.0665155,1394.7671,0.0043454645
2019-05-23T12:20,7561,0.06584956,1364.8386,0.003306441
2019-05-23T12:25,7793,0.05790593,1417.7081,0.004876171
2019-05-23T12:30,8141,0.064682186,1357.0524,0.0067559266
2019-05-23T12:35,8407,0.06496729,1350.4211,0.00475794
2019-05-23T12:40,8506,0.06380614,1406.8646,0.005407947
2019-05-23T12:45,8526,0.06561036,1354.8206,0.0045742434
2019-05-23T12:50,8488,0.060061377,1334.3281,0.0050659757
2019-05-23T12:55,8720,0.05785124,1303.4751,0.0041284403
2019-05-23T13:00,8886,0.059634015,1248.2881,0.0041638534
2019-05-23T13:05,8251,0.062241618,1245.7625,0.0052114897
2019-05-23T13:10,8272,0.05875629,1235.8527,0.0050773695
2019-05-23T13:15,8225,0.056750573,1202.0461,0.0044984804
2019-05-23T13:20,8071,0.064266734,1323.3868,0.0056994176
2019-05-23T13:25,8159,0.062413316,1228.4596,0.0049025617
2019-05-23T13:30,8220,0.0655106,1253.9653,0.0040145987
2019-05-23T13:35,8012,0.058795862,1251.1343,0.005242137
2019-05-23T13:40,7894,0.05823199,1279.0474,0.0034203192
2019-05-23T13:45,7518,0.054958183,1285.3086,0.004256451
2019-05-23T13:50,7551,0.054658387,1269.5377,0.0052973116
2019-05-23T13:55,7803,0.055287853,1263.8772,0.0037165193
2019-05-23T14:00,7414,0.056123722,1378.4576,0.0045859185
2019-05-23T14:05,7475,0.063317634,1299.7478,0.003478261
2019-05-23T14:10,7549,0.05876235,1342.9897,0.0035766326
2019-05-23T14:15,7529,0.05955335,1293.8307,0.002789215
2019-05-23T14:20,7328,0.05623342,1275.5801,0.003684498
2019-05-23T14:25,7501,0.05105682,1250.0966,0.0038661512
2019-05-23T14:30,7386,0.057069845,1297.0074,0.004874086
2019-05-23T14:35,7197,0.054650843,1243.6276,0.00430735
2019-05-23T14:40,7341,0.05509715,1296.8788,0.003677973
2019-05-23T14:45,7349,0.050614607,1295.0724,0.0044904067
2019-05-23T14:50,7339,0.050453816,1371.0297,0.0049053007
2019-05-23T14:55,7154,0.06267888,1267.1259,0.0032149847
2019-05-23T15:00,7019,0.061230093,1354.2762,0.0037042315
2019-05-23T15:05,7313,0.062169313,1360.5199,0.0043757693
2019-05-23T15:10,7220,0.0471317,1384.7174,0.0034626038
2019-05-23T15:15,7123,0.05909213,1305.8198,0.00505405
2019-05-23T15:20,7329,0.05500262,1244.7919,0.0027288853
2019-05-23T15:25,7031,0.05554065,1314.5927,0.0042668185
2019-05-23T15:30,6990,0.055006675,1207.8909,0.0028612304
2019-05-23T15:35,7114,0.055426054,1214.7301,0.004217037
2019-05-23T15:40,6920,0.054938957,1376.5975,0.0018786127
2019-05-23T15:45,6795,0.056811593,1245.1633,0.003826343
2019-05-23T15:50,6725,0.05506312,1210.3007,0.0032713755
2019-05-23T15:55,6905,0.050997782,1205.8179,0.004923968
2019-05-23T16:00,6745,0.05080771,1295.2054,0.0032616754
2019-05-23T16:05,6695,0.057377048,1317.9408,0.0035847647
2019-05-23T16:10,6735,0.05107604,1322.9583,0.00311804
2019-05-23T16:15,6723,0.04829857,1208.4933,0.0029748625
2019-05-23T16:20,6636,0.0543131,1351.7994,0.004219409
2019-05-23T16:25,6488,0.05528778,1261.4967,0.00215783
2019-05-23T16:30,6526,0.04923077,1337.9678,0.00429053
2019-05-23T16:35,6467,0.048049744,1203.066,0.0029379928
2019-05-23T16:40,6500,0.061799455,1277.7599,0.0044615385
2019-05-23T16:45,6365,0.0544919,1294.6611,0.0029850747
2019-05-23T16:50,6389,0.055420958,1301.0867,0.0053216466
2019-05-23T16:55,6265,0.06159084,1310.0276,0.003990423
2019-05-23T17:00,6232,0.05467372,1259.4244,0.0051347883
2019-05-23T17:05,6191,0.060749136,1313.9004,0.002422872
2019-05-23T17:10,6423,0.05110537,1365.1129,0.0032695003
2019-05-23T17:15,6396,0.06046094,1286.3499,0.0025015634
2019-05-23T17:20,6255,0.049274486,1251.2087,0.0038369305
2019-05-23T17:25,6252,0.057073466,1400.1335,0.0057581575
2019-05-23T17:30,6128,0.05862388,1280.85,0.005548303
2019-05-23T17:35,6107,0.061395347,1328.6509,0.0067136073
2019-05-23T17:40,6138,0.054539822,1329.7065,0.004072988
2019-05-23T17:45,6418,0.05765819,1343.5142,0.0052976003
2019-05-23T17:50,6206,0.0675544,1297.6459,0.0048340317
2019-05-23T17:55,6281,0.0658701,1318.3241,0.00493552
2019-05-23T18:00,6427,0.0676623,1280.7078,0.004823401
2019-05-23T18:05,6359,0.05684149,1314.3068,0.004717723
2019-05-23T18:10,6355,0.06641855,1413.6528,0.005192762
2019-05-23T18:15,6584,0.05949949,1421.1111,0.005012151
2019-05-23T18:20,6592,0.062382866,1406.538,0.005612864
2019-05-23T18:25,6672,0.05770235,1453.9796,0.0049460432
2019-05-23T18:30,6770,0.063689,1416.5366,0.0047267354
2019-05-23T18:35,7015,0.05758056,1325.3451,0.0037063435
2019-05-23T18:40,6955,0.064600155,1438.747,0.008195543
2019-05-23T18:45,7307,0.05859842,1361.3156,0.0030108115
2019-05-23T18:50,7286,0.06262575,1440.103,0.005489981
2019-05-23T18:55,7305,0.06507434,1369.1814,0.003285421
2019-05-23T19:00,7422,0.061758295,1347.1637,0.0045809755
2019-05-23T19:05,7411,0.05304136,1407.4609,0.0043179058
2019-05-23T19:10,7458,0.06557771,1370.3638,0.0075087156
2019-05-23T19:15,7727,0.06320325,1475.016,0.0047884043
2019-05-23T19:20,7916,0.058079097,1449.7268,0.0042950986
2019-05-23T19:25,7746,0.068891026,1419.1842,0.004518461
2019-05-23T19:30,8364,0.06361044,1518.2468,0.0047824006
2019-05-23T19:35,8519,0.059967253,1464.4211,0.0055170795
2019-05-23T19:40,8599,0.059983045,1368.0864,0.0047679963
2019-05-23T19:45,8643,0.06283925,1385.7289,0.005090825
2019-05-23T19:50,8804,0.05522209,1372.2759,0.0049977284
2019-05-23T19:55,9250,0.061309524,1439.9412,0.0045405407
2019-05-23T20:00,9356,0.0693736,1459.1357,0.0051303976
2019-05-23T20:05,10048,0.06864456,1627.037,0.0046775476
2019-05-23T20:10,10234,0.06791483,1447.2588,0.0042993943
2019-05-23T20:15,10759,0.06229163,1521.4799,0.004461381
2019-05-23T20:20,11093,0.06640625,1466.1439,0.0049580815
2019-05-23T20:25,11661,0.070487484,1457.1584,0.0052311122
2019-05-23T20:30,11798,0.06444112,1434.4807,0.005255128
2019-05-23T20:35,11779,0.06426814,1446.4865,0.0055182953
2019-05-23T20:40,11680,0.071091644,1458.1029,0.004109589
2019-05-23T20:45,11534,0.07150153,1499.657,0.0058956128
2019-05-23T20:50,11808,0.06947891,1525.4631,0.0050813006
2019-05-23T20:55,12387,0.07162834,1433.3787,0.004682328
2019-05-23T21:00,12648,0.06259292,1448.0514,0.004664769
2019-05-23T21:05,13144,0.066056445,1446.895,0.003804017
2019-05-23T21:10,12968,0.07017011,1431.7705,0.004241209
2019-05-23T21:15,13359,0.07331641,1444.1368,0.0042667864
2019-05-23T21:20,13637,0.06781678,1422.064,0.0034465059
2019-05-23T21:25,13691,0.0657971,1390.2286,0.004382441
2019-05-23T21:30,14163,0.06978037,1394.7859,0.003883358
2019-05-23T21:35,14137,0.0691602,1392.9419,0.0047393367
2019-05-23T21:40,13994,0.06883853,1437.4602,0.003287123
2019-05-23T21:45,13723,0.074218184,1495.849,0.005028055
2019-05-23T21:50,13781,0.062094532,1422.5522,0.0041361293
2019-05-23T21:55,14308,0.068464145,1413.9645,0.0038440034
2019-05-23T22:00,14196,0.06413994,1428.2886,0.0038743308
2019-05-23T22:05,13654,0.06382667,1406.315,0.004906987
2019-05-23T22:10,13897,0.07098091,1346.5983,0.0042455206
2019-05-23T22:15,13461,0.07039738,1342.7885,0.0031944134
2019-05-23T22:20,13616,0.06794326,1384.867,0.0046269097
2019-05-23T22:25,13422,0.07365658,1400.1687,0.0038742363
2019-05-23T22:30,12819,0.06533209,1354.5774,0.0033543957
2019-05-23T22:35,12340,0.06610616,1433.0266,0.0056726094
2019-05-23T22:40,12264,0.06721559,1417.2928,0.003995434
2019-05-23T22:45,11787,0.060405027,1480.8031,0.0039026046
2019-05-23T22:50,11388,0.0667263,1365.8479,0.004917457
2019-05-23T22:55,11106,0.07232938,1342.4404,0.0037817396
2019-05-23T23:00,10486,0.07030211,1353.927,0.0039099753
2019-05-23T23:05,10272,0.066076696,1376.9089,0.003991433
2019-05-23T23:10,10239,0.057642616,1350.9045,0.0033206367
2019-05-23T23:15,9539,0.06778188,1310.6515,0.004927141
2019-05-23T23:20,9028,0.071618624,1396.1256,0.0047629597
2019-05-23T23:25,8630,0.05918092,1333.0787,0.0034762456
2019-05-23T23:30,8448,0.06723508,1275.8835,0.0034327651
2019-05-23T23:35,7983,0.06145675,1372.6212,0.004133784
2019-05-23T23:40,8386,0.06032204,1217.267,0.0038158835
2019-05-23T23:45,7983,0.055725973,1290.588,0.0045095826
2019-05-23T23:50,8042,0.058630276,1334.3151,0.002113902
2019-05-23T23:55,7645,0.058546785,1304.8295,0.0031393068
2019-05-24T00:00,7453,0.062329885,1292.9905,0.0045619216
2019-05-24T00:05,6925,0.07090464,1421.0126,0.004043321
2019-05-24T00:10,6835,0.06591449,1313.8489,0.0030724213
2019-05-24T00:15,6594,0.05553989,1319.1519,0.0030330603
2019-05-24T00:20,6421,0.06251944,1370.9861,0.0049836473
2019-05-24T00:25,5995,0.059555855,1308.761,0.0026688906
2019-05-24T00:30,5761,0.061888114,1338.2843,0.0029508765
2019-05-24T00:35,5609,0.057011332,1260.7008,0.0037439829
2019-05-24T00:40,5302,0.061882094,1331.0515,0.004149378
2019-05-24T00:45,5180,0.051923078,1311.3448,0.0046332045
2019-05-24T00:50,4907,0.059027776,1366.3159,0.0042796005
2019-05-24T00:55,4683,0.051230334,1220.9434,0.0046978435
2019-05-24T01:00,4505,0.056514237,1200.9479,0.0028856825
2019-05-24T01:05,4178,0.0503663,1172.3378,0.0033508856
2019-05-24T01:10,4054,0.047948364,1253.181,0.0024666996
2019-05-24T01:15,3840,0.060106643,1301.7484,0.0018229167
2019-05-24T01:20,3900,0.05962191,1278.1895,0.0028205127
2019-05-24T01:25,3681,0.053306,1281.3999,0.0032599836
2019-05-24T01:30,3520,0.05458638,1258.3392,0.0039772727
2019-05-24T01:35,3506,0.05292479,1084.4296,0.0028522534
2019-05-24T01:40,3194,0.04786036,1122.2739,0.0050093927
2019-05-24T01:45,3313,0.04485646,1291.7878,0.0030184123
2019-05-24T01:50,3133,0.0502693,1297.654,0.0035110118
2019-05-24T01:55,2995,0.048447207,1241.5513,0.004006678
2019-05-24T02:00,2967,0.05922865,1268.6185,0.003033367
2019-05-24T02:05,2739,0.04918033,1115.583,0.002920774
2019-05-24T02:10,2778,0.04905167,1292.252,0.005039597
2019-05-24T02:15,2716,0.05543399,1311.9677,0.003681885
2019-05-24T02:20,2675,0.045386903,1110.8157,0.0018691589
2019-05-24T02:25,2625,0.0393586,1226.4446,0.0034285714
2019-05-24T02:30,2494,0.050632913,1252.8977,0.00521251
2019-05-24T02:35,2489,0.037568305,1182.4484,0.0032141423
2019-05-24T02:40,2391,0.054237287,1179.9774,0.0033458804
2019-05-24T02:45,2304,0.039028622,1132.731,0.0013020834
2019-05-24T02:50,2397,0.04736025,1224.9858,0.002920317
2019-05-24T02:55,2214,0.051215276,1305.8866,0.002258356
2019-05-24T03:00,2177,0.038398694,1303.5889,0.005512173
2019-05-24T03:05,2241,0.050040357,1347.5002,0.0035698349
2019-05-24T03:10,2293,0.042721517,1262.18,8.722198E-4
2019-05-24T03:15,2200,0.06084656,1203.7291,0.0036363637
2019-05-24T03:20,2363,0.05175292,1230.3369,0.005924672
2019-05-24T03:25,2221,0.047313552,1238.4808,0.004502476
2019-05-24T03:30,2323,0.046586346,1186.106,0.0034438227
2019-05-24T03:35,3163,0.04627451,3707.9658,0.0028454
2019-05-24T03:40,2211,0.045038167,1273.3075,0.0058796923
2019-05-24T03:45,2201,0.049011856,1308.4225,0.0040890505
2019-05-24T03:50,2236,0.04659189,1208.3793,0.004472272
2019-05-24T03:55,2345,0.038636364,1158.1425,0.0017057569
2019-05-24T04:00,2410,0.03736264,1222.1971,0.0024896266
2019-05-24T04:05,2382,0.05421687,1304.7893,0.004198153
2019-05-24T04:10,2412,0.03653586,1293.1086,0.007048093
2019-05-24T04:15,2636,0.047124047,1179.3259,0.0053110775
2019-05-24T04:20,2684,0.041722745,1284.9579,0.0070789866
2019-05-24T04:25,2820,0.03742982,1346.233,0.008156029
2019-05-24T04:30,2758,0.03432343,1198.2847,0.0047135605
2019-05-24T04:35,2945,0.044991,1109.2683,0.0067911716
2019-05-24T04:40,3018,0.039346248,1171.4208,0.003976143
2019-05-24T04:45,3121,0.045002922,1214.7411,0.005767382
2019-05-24T04:50,3230,0.04313099,1170.2078,0.005882353
2019-05-24T04:55,3367,0.050619278,1193.7357,0.004752005
2019-05-24T05:00,3714,0.04318937,1127.2367,0.00726979
2019-05-24T05:05,3895,0.040495474,1138.1243,0.0071887034
2019-05-24T05:10,3850,0.039712917,1122.4698,0.0064935065
2019-05-24T05:15,4176,0.04283802,1168.8018,0.008381226
2019-05-24T05:20,4413,0.03746275,1030.4221,0.004305461
2019-05-24T05:25,4477,0.043333333,1143.2638,0.008487826
2019-05-24T05:30,4563,0.036758892,1054.1353,0.004383081
2019-05-24T05:35,4739,0.045696877,1105.5552,0.0052753747
2019-05-24T05:40,4807,0.04883907,1074.1782,0.009777408
2019-05-24T05:45,5127,0.047400072,1165.8444,0.0093622
2019-05-24T05:50,5117,0.046033993,1134.557,0.0050811023
2019-05-24T05:55,5411,0.045409348,1161.0594,0.00868601
2019-05-24T06:00,5112,0.044935808,1167.0554,0.0060641626
2019-05-24T06:05,5265,0.04860393,1111.0731,0.0053181387
2019-05-24T06:10,5415,0.045822103,1163.6897,0.007017544
2019-05-24T06:15,5553,0.049584027,1094.3927,0.0075634792
2019-05-24T06:20,5791,0.04898759,1253.1295,0.007597997
2019-05-24T06:25,5659,0.059039358,1209.162,0.006361548
2019-05-24T06:30,5611,0.04609929,1117.7966,0.0051684193
2019-05-24T06:35,5658,0.047511313,1136.0364,0.0058324495
2019-05-24T06:40,5769,0.049933422,1132.9757,0.0053735483
2019-05-24T06:45,5728,0.05344995,1214.5961,0.006634078
2019-05-24T06:50,5640,0.060462173,1328.701,0.0076241135
2019-05-24T06:55,5660,0.05273129,1235.1085,0.0049469965
2019-05-24T07:00,5520,0.046893667,1276.3411,0.0074275364
